result,threads,transactions,trns p/s,deadlocks,dls p/s,read/write requests,r/w reqs p/s,min,avg,max,99 percentile 
result-08-block_size.cnf,32[,10s],32,,947.47,,13308.02,,3799.99,,response,59.67,99%)[,20s],32,,975.11,,13622.08,,3890.35,,response,61.78,99%)[,30s],32,,980.98,,13753.74,,3925.23,,response,60.39,99%)[,40s],32,,1001.22,,14021.46,,4006.47,,response,60.59,99%)[,50s],32,,1013.10,,14166.32,,4049.91,,response,56.85,99%)[,60s],32,,970.70,,13577.09,,3882.40,,response,54.19,99%)[,70s],32,,960.80,,13452.30,,3843.60,,response,60.03,99%)[,80s],32,,961.20,,13479.80,,3847.80,,response,66.44,99%)[,90s],32,,926.50,,12971.01,,3702.70,,response,60.81,99%)[,100s],32,,925.29,,12936.92,,3701.05,,response,74.89,99%)[,110s],32,,964.96,,13532.68,,3860.25,,response,59.30,99%)[,120s],32,,965.35,,13511.99,,3863.00,,response,60.66,99%)[,130s],32,,963.60,,13483.90,,3853.30,,response,61.72,99%)[,140s],32,,940.90,,13160.99,,3764.50,,response,61.36,99%)[,150s],32,,959.30,,13431.02,,3835.41,,response,62.10,99%)[,160s],32,,990.10,,13857.11,,3960.40,,response,58.80,99%)[,170s],32,,975.20,,13681.57,,3906.59,,response,55.27,99%)[,180s],32,,958.20,,13394.80,,3827.30,,response,58.33,99%)[,190s],32,,948.80,,13292.80,,3794.90,,response,61.61,99%)[,200s],32,,957.92,,13421.28,,3836.38,,response,57.33,99%)[,210s],32,,967.18,,13507.41,,3864.22,,response,68.95,99%)[,220s],32,,963.19,,13518.00,,3859.94,,response,62.04,99%)[,230s],32,,949.52,,13262.92,,3790.66,,response,61.48,99%)[,240s],32,,978.80,,13696.49,,3915.60,,response,58.84,99%)[,250s],32,,959.80,,13454.41,,3840.70,,response,58.14,99%)[,260s],32,,974.40,,13638.40,,3895.70,,response,55.14,99%)[,270s],32,,970.77,,13610.64,,3886.47,,response,62.79,99%)[,280s],32,,960.53,,13451.83,,3850.72,,response,73.14,99%)[,290s],32,,987.30,,13822.10,,3949.10,,response,61.78,99%)[,300s],32,,962.19,,13466.77,,3846.16,,response,55.12,99%)[,310s],32,,947.11,,13245.11,,3781.93,,response,59.28,99%)[,320s],32,,969.30,,13584.70,,3876.30,,response,56.90,99%)[,330s],32,,963.30,,13471.68,,3851.39,,response,62.47,99%)[,340s],32,,957.90,,13421.73,,3838.68,,response,58.19,99%)[,350s],32,,918.61,,12838.20,,3667.73,,response,64.40,99%)[,360s],32,,971.60,,13624.58,,3888.30,,response,56.76,99%)[,370s],32,,944.70,,13194.00,,3777.20,,response,58.19,99%)[,380s],32,,939.80,,13179.73,,3759.01,,response,70.20,99%)[,390s],32,,970.60,,13584.59,,3882.30,,response,51.47,99%)[,400s],32,,933.71,,13083.98,,3734.95,,response,62.19,99%)[,410s],32,,939.29,,13144.34,,3757.45,,response,58.42,99%)[,420s],32,,905.50,,12669.49,,3622.50,,response,62.15,99%)[,430s],32,,948.20,,13273.26,,3791.39,,response,63.24,99%)[,440s],32,,953.60,,13343.13,,3814.41,,response,55.15,99%)[,450s],32,,966.50,,13544.48,,3872.09,,response,58.14,99%)[,460s],32,,592.10,,8294.41,,2366.00,,response,564.87,99%)[,470s],32,,937.50,,13127.34,,3748.21,,response,64.40,99%)[,480s],32,,898.60,,12559.69,,3593.30,,response,71.50,99%)[,490s],32,,990.70,,13874.28,,3964.60,,response,58.59,99%)[,500s],32,,801.30,,11221.02,,3203.80,,response,64.75,99%)[,510s],32,,951.70,,13346.50,,3814.10,,response,56.24,99%)[,520s],32,,952.59,,13322.72,,3802.25,,response,57.83,99%)[,530s],32,,965.91,,13499.08,,3863.22,,response,57.05,99%)[,540s],32,,920.41,,12916.39,,3687.13,,response,62.51,99%)[,550s],32,,941.40,,13182.81,,3764.70,,response,58.26,99%)[,560s],32,,965.49,,13512.63,,3863.78,,response,56.49,99%)[,570s],32,,980.11,,13701.27,,3916.02,,response,61.21,99%)[,580s],32,,1008.80,,14138.90,,4033.20,,response,55.34,99%)[,590s],32,,949.50,,13298.56,,3800.89,,response,66.46,99%)[,600s],32,,930.10,,12988.86,,3717.52,,response,57.70,99%),569795,949.60,0,0.00,10256310,17092.81,5.10,33.69,3335.07,60.52
result-09-flushing_method.cnf,32[,10s],32,,1023.38,,14338.13,,4093.92,,response,51.39,99%)[,20s],32,,971.20,,13592.67,,3885.22,,response,58.59,99%)[,30s],32,,958.50,,13441.55,,3841.21,,response,55.45,99%)[,40s],32,,986.90,,13831.70,,3948.00,,response,57.03,99%)[,50s],32,,978.00,,13666.15,,3905.29,,response,63.56,99%)[,60s],32,,950.38,,13313.47,,3799.81,,response,56.51,99%)[,70s],32,,958.33,,13432.47,,3842.21,,response,57.17,99%)[,80s],32,,944.20,,13187.71,,3767.90,,response,63.26,99%)[,90s],32,,935.70,,13132.60,,3752.90,,response,58.31,99%)[,100s],32,,963.90,,13473.80,,3846.70,,response,56.97,99%)[,110s],32,,937.40,,13118.56,,3749.79,,response,73.45,99%)[,120s],32,,965.40,,13537.52,,3862.61,,response,61.39,99%)[,130s],32,,999.30,,13979.33,,3995.91,,response,57.69,99%)[,140s],32,,957.00,,13399.51,,3827.90,,response,58.98,99%)[,150s],32,,941.40,,13162.58,,3765.39,,response,55.14,99%)[,160s],32,,985.90,,13832.70,,3951.50,,response,58.93,99%)[,170s],32,,928.78,,12994.97,,3707.33,,response,65.97,99%)[,180s],32,,939.72,,13142.72,,3757.96,,response,67.36,99%)[,190s],32,,978.40,,13695.32,,3914.71,,response,54.97,99%)[,200s],32,,937.40,,13125.34,,3748.48,,response,60.50,99%)[,210s],32,,960.70,,13437.52,,3842.91,,response,57.74,99%)[,220s],32,,972.80,,13648.03,,3893.31,,response,61.93,99%)[,230s],32,,944.10,,13197.09,,3774.20,,response,59.73,99%)[,240s],32,,972.00,,13600.11,,3888.50,,response,62.21,99%)[,250s],32,,985.30,,13819.33,,3942.11,,response,68.93,99%)[,260s],32,,890.09,,12469.99,,3568.37,,response,59.03,99%)[,270s],32,,967.91,,13525.29,,3862.83,,response,57.51,99%)[,280s],32,,974.59,,13644.49,,3898.27,,response,55.47,99%)[,290s],32,,961.51,,13469.71,,3845.63,,response,67.10,99%)[,300s],32,,960.20,,13457.28,,3849.69,,response,60.21,99%)[,310s],32,,966.50,,13532.42,,3867.41,,response,56.83,99%)[,320s],32,,829.20,,11589.10,,3308.70,,response,63.47,99%)[,330s],32,,928.90,,12994.09,,3713.70,,response,61.67,99%)[,340s],32,,991.40,,13889.90,,3966.40,,response,59.28,99%)[,350s],32,,970.20,,13597.33,,3882.01,,response,56.85,99%)[,360s],32,,979.19,,13702.55,,3915.36,,response,57.41,99%)[,370s],32,,959.01,,13405.43,,3835.44,,response,60.21,99%)[,380s],32,,935.70,,13097.51,,3743.40,,response,58.64,99%)[,390s],32,,1005.98,,14111.68,,4025.71,,response,57.57,99%)[,400s],32,,933.12,,13065.60,,3734.39,,response,59.96,99%)[,410s],32,,949.50,,13293.99,,3795.90,,response,63.56,99%)[,420s],32,,904.10,,12637.89,,3613.80,,response,66.12,99%)[,430s],32,,915.28,,12836.34,,3666.13,,response,67.93,99%)[,440s],32,,918.62,,12847.86,,3675.37,,response,61.91,99%)[,450s],32,,940.70,,13162.65,,3758.01,,response,58.64,99%)[,460s],32,,951.40,,13318.66,,3807.69,,response,62.37,99%)[,470s],32,,944.00,,13226.10,,3773.10,,response,63.47,99%)[,480s],32,,921.30,,12868.91,,3685.00,,response,66.46,99%)[,490s],32,,930.00,,13061.99,,3732.70,,response,59.81,99%)[,500s],32,,937.06,,13118.38,,3745.15,,response,61.36,99%)[,510s],32,,950.12,,13289.33,,3790.79,,response,55.67,99%)[,520s],32,,949.52,,13282.63,,3798.26,,response,61.82,99%)[,530s],32,,986.28,,13829.45,,3947.33,,response,54.69,99%)[,540s],32,,945.51,,13232.29,,3789.35,,response,64.37,99%)[,550s],32,,943.78,,13218.00,,3768.52,,response,65.34,99%)[,560s],32,,741.32,,10366.07,,2962.48,,response,66.60,99%)[,570s],32,,996.50,,13965.18,,3998.49,,response,55.45,99%)[,580s],32,,884.01,,12355.18,,3524.72,,response,67.34,99%)[,590s],32,,865.60,,12097.54,,3461.68,,response,86.70,99%)[,600s],32,,983.60,,13785.80,,3933.60,,response,60.50,99%),568910,948.14,0,0.00,10240380,17066.45,5.24,33.75,3150.78,60.37
result-10-block_size.cnf,32[,10s],32,,956.90,,13437.74,,3829.01,,response,68.93,99%)[,20s],32,,942.50,,13196.18,,3770.19,,response,68.81,99%)[,30s],32,,966.50,,13496.79,,3864.40,,response,54.82,99%)[,40s],32,,966.10,,13533.37,,3865.49,,response,56.58,99%)[,50s],32,,929.70,,13001.28,,3717.69,,response,70.88,99%)[,60s],32,,972.60,,13643.76,,3890.42,,response,58.89,99%)[,70s],32,,730.60,,10219.29,,2922.40,,response,87.48,99%)[,80s],32,,954.69,,13369.31,,3818.77,,response,56.47,99%)[,90s],32,,947.81,,13267.69,,3791.23,,response,59.16,99%)[,100s],32,,949.80,,13283.50,,3799.20,,response,60.72,99%)[,110s],32,,939.19,,13154.61,,3756.77,,response,63.09,99%)[,120s],32,,989.91,,13856.19,,3959.73,,response,58.19,99%)[,130s],32,,923.00,,12953.80,,3702.60,,response,64.50,99%)[,140s],32,,930.90,,13008.89,,3713.00,,response,66.60,99%)[,150s],32,,965.40,,13511.10,,3863.50,,response,59.56,99%)[,160s],32,,957.30,,13411.61,,3827.90,,response,57.62,99%)[,170s],32,,958.80,,13422.59,,3834.70,,response,57.58,99%)[,180s],32,,991.60,,13899.71,,3969.40,,response,59.39,99%)[,190s],32,,976.20,,13641.90,,3901.60,,response,57.89,99%)[,200s],32,,974.40,,13631.50,,3898.70,,response,55.58,99%)[,210s],32,,921.70,,12907.69,,3685.70,,response,70.43,99%)[,220s],32,,980.58,,13735.74,,3923.03,,response,61.01,99%)[,230s],32,,886.12,,12401.64,,3544.97,,response,59.00,99%)[,240s],32,,925.80,,12978.99,,3702.30,,response,86.31,99%)[,250s],32,,950.20,,13313.80,,3806.40,,response,65.89,99%)[,260s],32,,931.70,,13029.82,,3720.91,,response,64.33,99%)[,270s],32,,834.80,,11700.89,,3343.20,,response,62.37,99%)[,280s],32,,895.77,,12532.51,,3580.09,,response,73.67,99%)[,290s],32,,971.13,,13587.92,,3883.82,,response,59.26,99%)[,300s],32,,882.50,,12349.30,,3532.20,,response,59.16,99%)[,310s],32,,926.70,,12983.30,,3705.50,,response,60.64,99%)[,320s],32,,964.70,,13486.10,,3857.60,,response,55.92,99%)[,330s],32,,921.70,,12913.57,,3687.09,,response,65.49,99%)[,340s],32,,980.63,,13741.22,,3923.02,,response,62.41,99%)[,350s],32,,959.17,,13439.89,,3843.58,,response,56.05,99%)[,360s],32,,949.09,,13282.72,,3791.25,,response,66.50,99%)[,370s],32,,892.51,,12499.19,,3576.23,,response,63.96,99%)[,380s],32,,893.30,,12507.19,,3576.40,,response,61.06,99%)[,390s],32,,910.40,,12734.61,,3633.30,,response,60.88,99%)[,400s],32,,1003.80,,14056.30,,4013.40,,response,55.97,99%)[,410s],32,,948.10,,13267.20,,3792.40,,response,56.39,99%)[,420s],32,,960.70,,13462.35,,3848.98,,response,58.07,99%)[,430s],32,,964.90,,13504.30,,3860.10,,response,63.01,99%)[,440s],32,,965.00,,13497.36,,3854.92,,response,60.10,99%)[,450s],32,,900.30,,12599.11,,3597.80,,response,64.71,99%)[,460s],32,,896.16,,12554.74,,3585.74,,response,64.42,99%)[,470s],32,,891.23,,12490.77,,3574.03,,response,60.01,99%)[,480s],32,,886.91,,12392.78,,3537.72,,response,66.68,99%)[,490s],32,,920.10,,12907.28,,3691.69,,response,59.96,99%)[,500s],32,,899.80,,12593.01,,3589.30,,response,63.16,99%)[,510s],32,,886.90,,12420.81,,3558.60,,response,66.12,99%)[,520s],32,,755.57,,10558.42,,3011.86,,response,64.95,99%)[,530s],32,,895.64,,12522.78,,3580.16,,response,62.23,99%)[,540s],32,,886.40,,12440.00,,3555.40,,response,64.35,99%)[,550s],32,,863.00,,12071.98,,3443.30,,response,65.45,99%)[,560s],32,,930.60,,13043.61,,3733.70,,response,64.44,99%)[,570s],32,,976.20,,13640.91,,3893.50,,response,63.94,99%)[,580s],32,,953.60,,13361.37,,3813.29,,response,63.22,99%)[,590s],32,,972.00,,13608.32,,3888.40,,response,64.19,99%)[,600s],32,,938.30,,13146.89,,3756.70,,response,63.11,99%),558008,929.99,0,0.00,10044144,16739.91,5.26,34.40,2062.99,62.45
result-10-block_size.cnf,64[,10s],64,,904.79,,12715.39,,3624.44,,response,108.68,99%)[,20s],64,,906.30,,12717.96,,3627.82,,response,125.74,99%)[,30s],64,,941.40,,13151.82,,3758.31,,response,107.42,99%)[,40s],64,,906.96,,12724.80,,3632.83,,response,131.67,99%)[,50s],64,,898.74,,12561.16,,3592.46,,response,116.88,99%)[,60s],64,,875.20,,12269.32,,3503.91,,response,140.51,99%)[,70s],64,,917.80,,12830.30,,3666.10,,response,111.95,99%)[,80s],64,,889.89,,12468.02,,3566.35,,response,149.58,99%)[,90s],64,,894.71,,12531.65,,3571.74,,response,120.87,99%)[,100s],64,,904.40,,12658.43,,3618.01,,response,127.83,99%)[,110s],64,,912.00,,12775.01,,3660.70,,response,111.35,99%)[,120s],64,,910.47,,12747.81,,3633.36,,response,130.53,99%)[,130s],64,,915.93,,12801.27,,3663.23,,response,108.85,99%)[,140s],64,,904.69,,12667.38,,3619.17,,response,114.42,99%)[,150s],64,,923.61,,12933.43,,3689.24,,response,111.85,99%)[,160s],64,,900.30,,12576.31,,3601.80,,response,111.68,99%)[,170s],64,,924.69,,12936.07,,3698.06,,response,107.29,99%)[,180s],64,,912.81,,12804.00,,3654.23,,response,134.98,99%)[,190s],64,,895.60,,12566.40,,3580.20,,response,119.39,99%)[,200s],64,,885.30,,12367.31,,3540.40,,response,134.30,99%)[,210s],64,,871.40,,12204.70,,3490.30,,response,247.11,99%)[,220s],64,,906.38,,12703.33,,3631.92,,response,112.56,99%)[,230s],64,,912.72,,12753.69,,3640.58,,response,127.14,99%)[,240s],64,,929.30,,13047.77,,3729.92,,response,111.42,99%)[,250s],64,,906.89,,12703.90,,3630.37,,response,122.32,99%)[,260s],64,,853.70,,11912.59,,3400.20,,response,190.28,99%)[,270s],64,,898.70,,12600.14,,3595.71,,response,117.90,99%)[,280s],64,,902.80,,12626.19,,3611.10,,response,118.15,99%)[,290s],64,,902.40,,12589.72,,3607.10,,response,130.65,99%)[,300s],64,,912.80,,12806.50,,3651.40,,response,115.42,99%)[,310s],64,,900.40,,12618.30,,3606.80,,response,118.82,99%)[,320s],64,,899.10,,12562.99,,3593.90,,response,118.40,99%)[,330s],64,,853.79,,11997.00,,3413.47,,response,157.39,99%)[,340s],64,,914.81,,12787.62,,3658.13,,response,112.15,99%)[,350s],64,,870.90,,12202.11,,3490.40,,response,153.43,99%)[,360s],64,,889.62,,12485.14,,3563.07,,response,133.42,99%)[,370s],64,,907.38,,12691.36,,3623.33,,response,111.72,99%)[,380s],64,,869.90,,12150.47,,3484.89,,response,154.54,99%)[,390s],64,,903.38,,12662.17,,3603.71,,response,120.07,99%)[,400s],64,,898.82,,12608.54,,3612.90,,response,113.13,99%)[,410s],64,,881.30,,12302.71,,3509.90,,response,167.45,99%)[,420s],64,,892.19,,12483.99,,3568.27,,response,124.54,99%)[,430s],64,,902.51,,12649.53,,3609.74,,response,112.42,99%)[,440s],64,,868.50,,12159.80,,3472.90,,response,242.05,99%)[,450s],64,,889.50,,12438.60,,3559.90,,response,130.46,99%)[,460s],64,,931.29,,13042.80,,3725.47,,response,109.50,99%)[,470s],64,,898.41,,12581.28,,3593.62,,response,128.83,99%)[,480s],64,,881.00,,12335.13,,3523.88,,response,167.30,99%)[,490s],64,,905.76,,12699.50,,3631.03,,response,116.12,99%)[,500s],64,,894.85,,12495.44,,3568.98,,response,118.01,99%)[,510s],64,,904.60,,12681.22,,3622.61,,response,108.85,99%)[,520s],64,,919.29,,12873.45,,3675.76,,response,112.96,99%)[,530s],64,,907.01,,12697.65,,3630.84,,response,118.86,99%)[,540s],64,,915.80,,12805.29,,3658.70,,response,124.09,99%)[,550s],64,,906.79,,12690.66,,3626.26,,response,113.30,99%)[,560s],64,,799.11,,11194.43,,3196.94,,response,350.11,99%)[,570s],64,,877.70,,12287.90,,3512.60,,response,138.09,99%)[,580s],64,,904.90,,12659.59,,3618.60,,response,109.79,99%)[,590s],64,,854.10,,11975.90,,3420.40,,response,257.91,99%)[,600s],64,,913.60,,12796.91,,3654.10,,response,109.53,99%),538854,898.05,0,0.00,9699372,16164.81,6.18,71.26,996.26,123.21
result-11-flushing_method.cnf,32[,10s],32,,940.91,,13216.97,,3773.42,,response,58.45,99%)[,20s],32,,956.60,,13370.07,,3816.92,,response,59.60,99%)[,30s],32,,908.60,,12732.46,,3639.99,,response,59.83,99%)[,40s],32,,855.00,,11970.62,,3416.21,,response,72.77,99%)[,50s],32,,876.69,,12270.12,,3504.78,,response,66.96,99%)[,60s],32,,885.71,,12413.67,,3555.12,,response,59.30,99%)[,70s],32,,901.00,,12610.56,,3593.32,,response,63.43,99%)[,80s],32,,892.34,,12482.12,,3569.45,,response,61.12,99%)[,90s],32,,875.76,,12254.43,,3501.64,,response,71.41,99%)[,100s],32,,962.70,,13470.58,,3851.20,,response,59.21,99%)[,110s],32,,908.53,,12729.13,,3633.42,,response,61.89,99%)[,120s],32,,919.56,,12890.61,,3686.63,,response,65.22,99%)[,130s],32,,966.21,,13508.77,,3856.35,,response,59.69,99%)[,140s],32,,942.80,,13204.60,,3772.40,,response,57.84,99%)[,150s],32,,916.90,,12850.31,,3678.40,,response,64.06,99%)[,160s],32,,930.30,,13022.31,,3713.70,,response,64.23,99%)[,170s],32,,874.30,,12235.44,,3500.21,,response,59.01,99%)[,180s],32,,903.90,,12651.35,,3609.49,,response,72.55,99%)[,190s],32,,918.70,,12871.78,,3686.09,,response,59.98,99%)[,200s],32,,960.80,,13431.93,,3830.81,,response,56.68,99%)[,210s],32,,904.40,,12680.60,,3628.60,,response,59.96,99%)[,220s],32,,895.49,,12536.07,,3578.66,,response,73.85,99%)[,230s],32,,762.39,,10652.58,,3041.57,,response,67.48,99%)[,240s],32,,921.80,,12896.61,,3687.60,,response,58.12,99%)[,250s],32,,907.20,,12728.48,,3633.39,,response,67.83,99%)[,260s],32,,941.30,,13169.51,,3768.20,,response,60.94,99%)[,270s],32,,989.30,,13845.01,,3949.30,,response,60.17,99%)[,280s],32,,1019.20,,14268.07,,4077.32,,response,57.57,99%)[,290s],32,,942.09,,13171.72,,3768.08,,response,56.27,99%)[,300s],32,,967.57,,13578.22,,3873.19,,response,55.57,99%)[,310s],32,,851.65,,11909.13,,3403.71,,response,104.79,99%)[,320s],32,,951.97,,13301.85,,3807.57,,response,64.91,99%)[,330s],32,,939.00,,13160.22,,3756.81,,response,61.48,99%)[,340s],32,,910.90,,12762.48,,3644.69,,response,59.32,99%)[,350s],32,,931.29,,13050.68,,3727.87,,response,61.01,99%)[,360s],32,,957.81,,13392.92,,3827.83,,response,58.38,99%)[,370s],32,,940.20,,13185.00,,3771.60,,response,65.38,99%)[,380s],32,,970.50,,13564.72,,3870.21,,response,57.19,99%)[,390s],32,,956.40,,13375.50,,3826.00,,response,59.49,99%)[,400s],32,,943.50,,13227.99,,3777.10,,response,63.47,99%)[,410s],32,,951.10,,13332.10,,3807.20,,response,59.16,99%)[,420s],32,,946.60,,13242.89,,3780.10,,response,61.08,99%)[,430s],32,,935.21,,13099.28,,3742.52,,response,63.33,99%)[,440s],32,,929.59,,12998.81,,3717.27,,response,61.06,99%)[,450s],32,,963.20,,13501.99,,3858.10,,response,68.67,99%)[,460s],32,,997.10,,13935.62,,3982.30,,response,59.55,99%)[,470s],32,,918.10,,12862.89,,3672.60,,response,57.05,99%)[,480s],32,,973.80,,13646.89,,3898.80,,response,59.03,99%)[,490s],32,,906.60,,12676.52,,3622.90,,response,59.33,99%)[,500s],32,,732.70,,10274.70,,2941.00,,response,59.05,99%)[,510s],32,,999.70,,13979.01,,3990.30,,response,59.30,99%)[,520s],32,,987.30,,13829.69,,3948.80,,response,63.64,99%)[,530s],32,,914.87,,12814.23,,3659.46,,response,63.49,99%)[,540s],32,,963.83,,13497.25,,3865.13,,response,57.91,99%)[,550s],32,,1013.10,,14182.87,,4050.82,,response,60.34,99%)[,560s],32,,836.80,,11695.89,,3337.40,,response,62.77,99%)[,570s],32,,953.30,,13327.82,,3813.20,,response,61.48,99%)[,580s],32,,951.09,,13354.72,,3815.18,,response,56.58,99%)[,590s],32,,923.99,,12935.76,,3688.86,,response,62.73,99%)[,600s],32,,989.82,,13846.81,,3958.86,,response,58.19,99%),556923,928.18,0,0.00,10024614,16707.25,5.17,34.47,3536.03,61.84
result-11-flushing_method.cnf,64[,10s],64,,892.04,,12543.40,,3570.44,,response,123.21,99%)[,20s],64,,904.66,,12667.81,,3618.53,,response,114.08,99%)[,30s],64,,895.60,,12541.30,,3585.00,,response,123.17,99%)[,40s],64,,890.50,,12464.29,,3560.00,,response,114.84,99%)[,50s],64,,874.20,,12240.51,,3500.30,,response,131.59,99%)[,60s],64,,864.30,,12091.68,,3455.69,,response,190.56,99%)[,70s],64,,907.40,,12708.60,,3629.50,,response,108.39,99%)[,80s],64,,893.69,,12507.37,,3572.86,,response,117.69,99%)[,90s],64,,911.81,,12766.02,,3647.04,,response,110.62,99%)[,100s],64,,871.87,,12215.73,,3491.77,,response,129.64,99%)[,110s],64,,895.70,,12543.73,,3580.58,,response,116.05,99%)[,120s],64,,889.44,,12447.97,,3558.36,,response,119.75,99%)[,130s],64,,901.80,,12614.00,,3604.90,,response,113.44,99%)[,140s],64,,893.20,,12501.39,,3571.20,,response,114.56,99%)[,150s],64,,905.30,,12675.50,,3620.50,,response,107.20,99%)[,160s],64,,881.10,,12329.86,,3525.69,,response,124.06,99%)[,170s],64,,901.40,,12626.34,,3605.01,,response,117.58,99%)[,180s],64,,894.47,,12532.11,,3579.96,,response,116.05,99%)[,190s],64,,890.13,,12471.77,,3561.83,,response,117.83,99%)[,200s],64,,907.60,,12686.82,,3628.71,,response,116.32,99%)[,210s],64,,888.59,,12447.96,,3553.06,,response,121.78,99%)[,220s],64,,867.30,,12136.88,,3469.80,,response,170.02,99%)[,230s],64,,833.30,,11669.33,,3332.58,,response,246.59,99%)[,240s],64,,891.02,,12481.23,,3568.37,,response,113.84,99%)[,250s],64,,897.30,,12542.43,,3584.41,,response,117.13,99%)[,260s],64,,876.40,,12280.67,,3505.19,,response,142.67,99%)[,270s],64,,884.10,,12366.49,,3537.50,,response,119.79,99%)[,280s],64,,876.00,,12273.91,,3503.30,,response,125.81,99%)[,290s],64,,893.10,,12509.83,,3575.11,,response,111.78,99%)[,300s],64,,882.50,,12347.66,,3528.39,,response,141.52,99%)[,310s],64,,885.00,,12387.02,,3539.01,,response,151.20,99%)[,320s],64,,899.60,,12595.30,,3601.30,,response,123.65,99%)[,330s],64,,909.00,,12703.20,,3631.70,,response,108.52,99%)[,340s],64,,862.37,,12132.88,,3464.68,,response,136.61,99%)[,350s],64,,896.93,,12521.90,,3574.01,,response,111.42,99%)[,360s],64,,872.50,,12218.11,,3490.10,,response,127.75,99%)[,370s],64,,753.50,,10536.92,,3016.00,,response,277.54,99%)[,380s],64,,732.00,,10254.50,,2926.70,,response,131.99,99%)[,390s],64,,897.40,,12560.31,,3587.90,,response,108.59,99%)[,400s],64,,897.90,,12583.91,,3596.60,,response,145.17,99%)[,410s],64,,875.30,,12247.68,,3497.39,,response,171.76,99%)[,420s],64,,887.10,,12417.91,,3550.20,,response,122.80,99%)[,430s],64,,881.50,,12343.28,,3526.29,,response,117.34,99%)[,440s],64,,657.20,,9197.81,,2626.20,,response,148.86,99%)[,450s],64,,784.30,,11019.80,,3138.90,,response,109.27,99%)[,460s],64,,832.00,,11609.53,,3327.91,,response,383.24,99%)[,470s],64,,903.50,,12647.29,,3613.40,,response,119.68,99%)[,480s],64,,912.70,,12775.39,,3650.50,,response,117.90,99%)[,490s],64,,853.68,,11981.56,,3421.20,,response,120.90,99%)[,500s],64,,909.72,,12717.94,,3635.30,,response,128.40,99%)[,510s],64,,900.90,,12596.82,,3600.21,,response,116.88,99%)[,520s],64,,910.20,,12737.92,,3639.30,,response,109.27,99%)[,530s],64,,677.50,,9507.18,,2716.79,,response,126.46,99%)[,540s],64,,868.50,,12149.74,,3470.88,,response,141.82,99%)[,550s],64,,903.66,,12651.21,,3614.06,,response,115.04,99%)[,560s],64,,916.54,,12837.67,,3663.56,,response,126.99,99%)[,570s],64,,894.10,,12522.69,,3581.50,,response,115.25,99%)[,580s],64,,913.00,,12772.49,,3649.60,,response,109.86,99%)[,590s],64,,888.90,,12448.92,,3556.10,,response,124.02,99%)[,600s],64,,924.10,,12963.88,,3703.29,,response,113.30,99%),525628,876.03,0,0.00,9461304,15768.59,6.20,73.05,3148.74,122.07
result-12-block_size.cnf,32[,10s],32,,986.70,,13826.65,,3946.91,,response,58.94,99%)[,20s],32,,966.80,,13557.10,,3868.80,,response,59.89,99%)[,30s],32,,920.50,,12870.22,,3680.61,,response,70.43,99%)[,40s],32,,982.90,,13749.06,,3931.29,,response,59.65,99%)[,50s],32,,865.30,,12124.17,,3461.29,,response,61.72,99%)[,60s],32,,977.00,,13673.95,,3907.91,,response,59.03,99%)[,70s],32,,965.60,,13550.79,,3873.60,,response,58.89,99%)[,80s],32,,938.63,,13123.38,,3743.34,,response,64.39,99%)[,90s],32,,925.16,,12935.38,,3700.75,,response,57.98,99%)[,100s],32,,913.00,,12781.18,,3651.89,,response,64.56,99%)[,110s],32,,909.00,,12732.06,,3636.02,,response,69.06,99%)[,120s],32,,943.89,,13237.59,,3779.37,,response,63.94,99%)[,130s],32,,990.91,,13875.38,,3965.45,,response,54.74,99%)[,140s],32,,979.80,,13692.79,,3916.80,,response,55.49,99%)[,150s],32,,1010.30,,14164.68,,4040.90,,response,58.98,99%)[,160s],32,,971.07,,13597.25,,3885.17,,response,60.50,99%)[,170s],32,,1031.94,,14430.60,,4123.94,,response,57.70,99%)[,180s],32,,988.90,,13852.95,,3961.91,,response,61.50,99%)[,190s],32,,947.01,,13247.08,,3781.75,,response,60.01,99%)[,200s],32,,941.68,,13187.70,,3766.72,,response,62.45,99%)[,210s],32,,963.60,,13480.01,,3854.40,,response,64.85,99%)[,220s],32,,951.60,,13346.44,,3812.31,,response,64.52,99%)[,230s],32,,996.10,,13918.56,,3978.59,,response,58.64,99%)[,240s],32,,930.10,,13017.18,,3720.30,,response,68.09,99%)[,250s],32,,945.40,,13237.71,,3781.60,,response,59.46,99%)[,260s],32,,930.60,,13034.66,,3726.39,,response,61.37,99%)[,270s],32,,972.20,,13637.73,,3892.91,,response,62.37,99%)[,280s],32,,945.28,,13225.91,,3776.22,,response,56.85,99%)[,290s],32,,809.00,,11328.50,,3236.60,,response,63.01,99%)[,300s],32,,840.82,,11779.16,,3371.87,,response,55.50,99%),284440,942.46,0,0.00,5119920,16964.20,5.04,33.95,2929.42,61.32
result-13-flushing_method.cnf,32[,10s],32,,957.08,,13434.57,,3828.53,,response,57.02,99%)[,20s],32,,988.40,,13846.01,,3963.80,,response,57.70,99%)[,30s],32,,963.60,,13479.07,,3845.59,,response,57.91,99%)[,40s],32,,981.71,,13741.08,,3932.42,,response,58.91,99%)[,50s],32,,935.50,,13103.23,,3737.21,,response,65.01,99%)[,60s],32,,933.20,,13035.89,,3730.40,,response,67.38,99%)[,70s],32,,965.50,,13526.70,,3862.00,,response,59.56,99%)[,80s],32,,936.70,,13113.48,,3747.90,,response,59.64,99%)[,90s],32,,739.60,,10346.41,,2957.30,,response,59.90,99%)[,100s],32,,928.30,,13015.38,,3713.19,,response,60.39,99%)[,110s],32,,939.40,,13155.31,,3758.70,,response,64.56,99%)[,120s],32,,923.50,,12922.81,,3694.80,,response,66.56,99%)[,130s],32,,921.20,,12885.20,,3683.20,,response,68.87,99%)[,140s],32,,824.50,,11572.19,,3301.20,,response,85.03,99%)[,150s],32,,923.19,,12924.41,,3696.85,,response,65.59,99%)[,160s],32,,912.01,,12768.97,,3646.45,,response,71.58,99%)[,170s],32,,961.06,,13453.95,,3843.04,,response,58.49,99%)[,180s],32,,845.63,,11813.88,,3379.84,,response,59.03,99%)[,190s],32,,967.60,,13556.61,,3868.30,,response,59.24,99%)[,200s],32,,812.60,,11387.88,,3257.89,,response,64.87,99%)[,210s],32,,959.40,,13404.13,,3830.81,,response,62.34,99%)[,220s],32,,938.60,,13152.80,,3753.70,,response,57.62,99%)[,230s],32,,930.50,,13026.29,,3727.60,,response,66.54,99%)[,240s],32,,927.90,,12979.97,,3707.19,,response,66.86,99%)[,250s],32,,954.50,,13373.63,,3820.41,,response,64.85,99%)[,260s],32,,963.50,,13477.10,,3851.20,,response,57.09,99%)[,270s],32,,954.30,,13393.21,,3828.40,,response,64.81,99%)[,280s],32,,962.50,,13475.10,,3847.20,,response,57.72,99%)[,290s],32,,1022.80,,14309.25,,4082.08,,response,55.44,99%)[,300s],32,,980.26,,13715.28,,3920.92,,response,55.14,99%),279578,931.86,0,0.00,5032404,16773.52,5.25,34.34,1644.45,61.52
result-14-block_size.cnf,32[,10s],32,,953.08,,13356.93,,3812.32,,response,60.16,99%)[,20s],32,,877.11,,12299.02,,3510.14,,response,65.14,99%)[,30s],32,,910.10,,12752.70,,3651.10,,response,64.60,99%)[,40s],32,,918.70,,12856.10,,3663.90,,response,77.52,99%)[,50s],32,,920.50,,12882.56,,3685.92,,response,76.96,99%)[,60s],32,,950.90,,13317.33,,3799.58,,response,58.50,99%)[,70s],32,,961.10,,13424.83,,3843.41,,response,56.78,99%)[,80s],32,,956.00,,13403.99,,3824.00,,response,56.51,99%)[,90s],32,,967.00,,13529.81,,3871.20,,response,63.60,99%)[,100s],32,,869.20,,12173.99,,3473.40,,response,62.60,99%)[,110s],32,,945.60,,13234.70,,3783.90,,response,61.82,99%)[,120s],32,,943.30,,13194.42,,3771.91,,response,58.79,99%)[,130s],32,,954.60,,13381.28,,3818.39,,response,56.58,99%)[,140s],32,,963.40,,13504.52,,3860.31,,response,66.32,99%)[,150s],32,,916.20,,12805.19,,3657.70,,response,62.54,99%)[,160s],32,,897.51,,12569.19,,3593.92,,response,65.87,99%)[,170s],32,,984.49,,13788.81,,3942.88,,response,55.68,99%)[,180s],32,,875.10,,12263.93,,3504.21,,response,65.63,99%)[,190s],32,,906.35,,12687.63,,3618.38,,response,67.18,99%)[,200s],32,,911.75,,12742.63,,3641.81,,response,65.43,99%)[,210s],32,,910.50,,12768.59,,3646.90,,response,59.19,99%)[,220s],32,,910.23,,12736.27,,3636.11,,response,62.28,99%)[,230s],32,,930.38,,12999.98,,3721.11,,response,70.82,99%)[,240s],32,,917.50,,12874.68,,3675.50,,response,64.15,99%)[,250s],32,,957.20,,13372.75,,3823.21,,response,58.12,99%)[,260s],32,,888.40,,12433.77,,3553.59,,response,80.57,99%)[,270s],32,,683.00,,9587.29,,2732.70,,response,69.08,99%)[,280s],32,,929.00,,13016.01,,3724.90,,response,61.85,99%)[,290s],32,,933.30,,13030.11,,3723.70,,response,57.77,99%)[,300s],32,,975.60,,13677.00,,3904.70,,response,60.03,99%),276203,920.61,0,0.00,4971654,16571.07,5.25,34.75,2700.49,62.84
result-15-flushing_method.cnf,32[,10s],32,,975.11,,13696.36,,3912.34,,response,55.57,99%)[,20s],32,,935.10,,13091.22,,3740.91,,response,57.83,99%)[,30s],32,,970.80,,13568.40,,3871.50,,response,56.49,99%)[,40s],32,,956.70,,13383.54,,3826.08,,response,64.54,99%)[,50s],32,,734.60,,10301.73,,2940.11,,response,90.84,99%)[,60s],32,,958.70,,13437.65,,3845.52,,response,59.56,99%)[,70s],32,,971.80,,13574.96,,3874.79,,response,60.81,99%)[,80s],32,,934.10,,13072.91,,3738.20,,response,67.99,99%)[,90s],32,,917.58,,12872.87,,3669.54,,response,58.35,99%)[,100s],32,,933.41,,13042.18,,3732.75,,response,63.98,99%)[,110s],32,,929.30,,13043.66,,3727.72,,response,61.04,99%)[,120s],32,,939.20,,13141.97,,3746.92,,response,58.14,99%)[,130s],32,,962.60,,13478.44,,3857.28,,response,62.17,99%)[,140s],32,,930.00,,12990.69,,3712.40,,response,63.16,99%)[,150s],32,,913.28,,12812.54,,3653.53,,response,62.19,99%)[,160s],32,,978.92,,13695.16,,3915.27,,response,58.77,99%)[,170s],32,,962.00,,13479.60,,3857.40,,response,60.03,99%)[,180s],32,,912.80,,12775.40,,3648.60,,response,66.58,99%)[,190s],32,,940.70,,13176.32,,3760.91,,response,65.83,99%)[,200s],32,,919.40,,12849.49,,3672.70,,response,72.42,99%)[,210s],32,,949.30,,13288.15,,3797.69,,response,60.05,99%)[,220s],32,,951.61,,13310.71,,3805.93,,response,59.73,99%)[,230s],32,,954.40,,13377.46,,3818.19,,response,60.43,99%)[,240s],32,,896.20,,12552.27,,3584.19,,response,68.01,99%)[,250s],32,,937.30,,13139.87,,3761.99,,response,61.72,99%)[,260s],32,,981.00,,13709.25,,3911.21,,response,59.16,99%)[,270s],32,,929.20,,13033.19,,3726.90,,response,74.94,99%)[,280s],32,,941.96,,13183.20,,3762.76,,response,59.03,99%)[,290s],32,,918.44,,12849.20,,3668.74,,response,65.47,99%)[,300s],32,,932.10,,13051.49,,3735.50,,response,62.11,99%),280708,935.64,0,0.00,5052744,16841.46,5.18,34.20,3985.43,61.72
